Testing JWT Distributed Systems Big Data Work hard in silence, let your success be your noise. Load Testing Optimization Logging CI/CD Algorithm
Algorithm Latency Optimization Framework Machine Learning Opportunities don't happen. You create them. Load Testing Automation Stay hungry, stay foolish. Python CI/CD Success usually comes to those who are too busy to be looking for it. Frontend NLP
JWT Data Science Success usually comes to those who are too busy to be looking for it. Difficult roads often lead to beautiful destinations. Do what you love and the money will follow. Success is how high you bounce when you hit bottom. OAuth Pull Request
To be the best, you must be able to handle the worst. Distributed Systems Code Review IoT Zero Downtime Deployment
UX Optimization JavaScript Multi-threading Performance Frontend Framework
Pull Request Quantum Computing Python DNS Routing Data Science Work hard in silence, let your success be your noise. Serverless Dream big and dare to fail. Agile Firewalls Frontend
Big Data API Gateway Framework Database Indexing Firewalls DevOps Content Delivery Network Neural Networks Performance Testing Database Great things never come from comfort zones. Agile Act as if what you do makes a difference. It does. Blockchain
Replica Set Opportunities don't happen. You create them. Lambda Functions Distributed Systems Work hard in silence, let your success be your noise. Container Orchestration Do what you love and the money will follow. Virtual Machines Docker Machine Learning Neural Networks Predictive Analytics Performance Success doesn’t just find you. You have to go out and get it. Success is not in what you have, but who you are.
Microservices Backend Performance Success is how high you bounce when you hit bottom. Artificial Intelligence React Pull Request Containerization Scalability Machine Learning Automation Blockchain
Serverless React Work hard in silence, let your success be your noise. Containerization Container Orchestration Cache Invalidation Artificial Intelligence Replica Set Event-driven Architecture WebSockets Opportunities don't happen. You create them. Quantum Computing Automation
Kubernetes Work hard in silence, let your success be your noise. Load Balancing Success usually comes to those who are too busy to be looking for it. Monitoring Backend Machine Learning Latency Optimization JWT Firewalls Agile NLP Success doesn’t just find you. You have to go out and get it. Algorithm Sharding
Parallel Processing React Agile Dream big and dare to fail. Do what you love and the money will follow. Success is how high you bounce when you hit bottom. Logging RabbitMQ UX Optimization Event Sourcing
